{
  "name": "Homebrew",
  "nodes": 2126,
  "edges": 4189,
  "density": 0.000927231475845277,
  "is_directed": true,
  "scc_count": 2126,
  "wcc_count": 45,
  "largest_scc_size": 1,
  "largest_wcc_size": 2023,
  "lcc_nodes": 2023,
  "lcc_percent": 95.1552210724365,
  "lcc_edges": 4130,
  "lcc_edges_percent": 98.59154929577466,
  "avg_degree": 3.940733772342427,
  "max_degree": 401,
  "degree_mean": 3.940733772342427,
  "degree_median": 2.0,
  "degree_max": 401,
  "avg_in_degree": 1.9703668861712136,
  "max_in_degree": 401,
  "in_degree_mean": 1.9703668861712136,
  "in_degree_median": 0.0,
  "in_degree_max": 401,
  "avg_out_degree": 1.9703668861712136,
  "max_out_degree": 28,
  "out_degree_mean": 1.9703668861712136,
  "out_degree_median": 1.0,
  "out_degree_max": 28,
  "top_in_degree": [
    [
      "Pkg-config",
      401
    ],
    [
      "Python",
      211
    ],
    [
      "Autoconf",
      175
    ],
    [
      "Java",
      168
    ],
    [
      "Automake",
      157
    ],
    [
      "Libtool",
      144
    ],
    [
      "X11",
      139
    ],
    [
      "Maco",
      111
    ],
    [
      "Glib",
      95
    ],
    [
      "Cmake",
      93
    ]
  ],
  "top_out_degree": [
    [
      "gstpluginsugly",
      28
    ],
    [
      "gstpluginsgood",
      25
    ],
    [
      "libav",
      22
    ],
    [
      "fontforge",
      20
    ],
    [
      "imagemagick",
      19
    ],
    [
      "moc",
      18
    ],
    [
      "mpd",
      18
    ],
    [
      "openscenegraph",
      18
    ],
    [
      "gource",
      16
    ],
    [
      "gstpluginsbad",
      16
    ]
  ],
  "centrality_info": "maior componente (Betweenness aproximado com k=500)",
  "pagerank": [
    [
      "Python",
      0.039253429711584166
    ],
    [
      "Java",
      0.03675257523486342
    ],
    [
      "Pkg-config",
      0.030585059785482756
    ],
    [
      "Maco",
      0.01905234582937324
    ],
    [
      "X11",
      0.018078782460095012
    ],
    [
      "Autoconf",
      0.012298025817738601
    ],
    [
      "Xcode",
      0.012101212307609369
    ],
    [
      "Cmake",
      0.011780148642170172
    ],
    [
      "Python3",
      0.009563430694794438
    ],
    [
      "Automake",
      0.009394267135103553
    ]
  ],
  "betweenness": [
    [
      "dockercloud",
      0.0
    ],
    [
      "Python",
      0.0
    ],
    [
      "aap",
      0.0
    ],
    [
      "abcde",
      0.0
    ],
    [
      "Vorbis-tool",
      0.0
    ],
    [
      "CdDiscid",
      0.0
    ],
    [
      "Mkcue",
      0.0
    ],
    [
      "Cdrtools",
      0.0
    ],
    [
      "Lame",
      0.0
    ],
    [
      "Flac",
      0.0
    ]
  ],
  "avg_clustering": 0.0,
  "communities": 61,
  "modularity": 0.6236404431093929,
  "diameter": 0,
  "diameter_method": "aproximado",
  "diameter_component_size": 1,
  "diameter_component_percent": 0.047036688617121354,
  "elapsed_time": 1.9262278079986572
}