{
  "name": "Cargo",
  "nodes": 24305,
  "edges": 115856,
  "density": 0.00019613050574232254,
  "is_directed": true,
  "scc_count": 24016,
  "wcc_count": 152,
  "largest_scc_size": 164,
  "largest_wcc_size": 23951,
  "lcc_nodes": 23951,
  "lcc_percent": 98.54350956593294,
  "lcc_edges": 115628,
  "lcc_edges_percent": 99.8032039773512,
  "avg_degree": 9.533511623122815,
  "max_degree": 5176,
  "degree_mean": 9.533511623122815,
  "degree_median": 4.0,
  "degree_max": 5176,
  "avg_in_degree": 4.766755811561407,
  "max_in_degree": 5175,
  "in_degree_mean": 4.766755811561407,
  "in_degree_median": 0.0,
  "in_degree_max": 5175,
  "avg_out_degree": 4.766755811561407,
  "max_out_degree": 77,
  "out_degree_mean": 4.766755811561407,
  "out_degree_median": 3.0,
  "out_degree_max": 77,
  "top_in_degree": [
    [
      "serde",
      5175
    ],
    [
      "serde_json",
      3580
    ],
    [
      "log",
      3193
    ],
    [
      "serde_derive",
      3108
    ],
    [
      "rand",
      2538
    ],
    [
      "libc",
      2410
    ],
    [
      "clap",
      2251
    ],
    [
      "lazy_static",
      2213
    ],
    [
      "futures",
      1699
    ],
    [
      "failure",
      1697
    ]
  ],
  "top_out_degree": [
    [
      "sccache",
      77
    ],
    [
      "sn0int",
      74
    ],
    [
      "solana",
      63
    ],
    [
      "solana-core",
      63
    ],
    [
      "rustpython-vm",
      59
    ],
    [
      "snowchains",
      57
    ],
    [
      "cargo",
      55
    ],
    [
      "exonum",
      53
    ],
    [
      "ciruela",
      52
    ],
    [
      "cargo-semverver",
      52
    ]
  ],
  "centrality_info": "maior componente (Betweenness aproximado com k=500)",
  "pagerank": [
    [
      "serde_derive",
      0.036235395105459006
    ],
    [
      "serde",
      0.030829957233879247
    ],
    [
      "quote",
      0.03019648584698586
    ],
    [
      "proc-macro2",
      0.0255225372561849
    ],
    [
      "libc",
      0.018775972455285256
    ],
    [
      "rand",
      0.01868601068384988
    ],
    [
      "syn",
      0.018168875400735657
    ],
    [
      "unicode-xid",
      0.012141416434231582
    ],
    [
      "winapi",
      0.011834868335067486
    ],
    [
      "serde_json",
      0.010845798886820348
    ]
  ],
  "betweenness": [
    [
      "syn",
      0.004624933749678351
    ],
    [
      "flate2",
      0.003214113942668149
    ],
    [
      "serde_derive",
      0.0022370803793621795
    ],
    [
      "tokio",
      0.0017915937479838048
    ],
    [
      "parking_lot",
      0.0016046665125593275
    ],
    [
      "tokio-tcp",
      0.0015757519920115818
    ],
    [
      "parking_lot_core",
      0.0014252876127557744
    ],
    [
      "rand_core",
      0.0014083125932195806
    ],
    [
      "backtrace",
      0.0013469005407355536
    ],
    [
      "tokio-reactor",
      0.0012852988984236623
    ]
  ],
  "avg_clustering": 0.1142930685992214,
  "communities": 183,
  "modularity": 0.48446313545905667,
  "diameter": 18,
  "diameter_method": "aproximado",
  "diameter_component_size": 164,
  "diameter_component_percent": 0.6747582801892615,
  "elapsed_time": 51.61207842826843
}